C0,C1,C2,C3,C4,T1,T2,T3,T5,T10,S1,S2,HS01,HS02,HS03,HS04,HS05,HS06,HS07,HS08,HS09,HS10,HS11,HS12,HS13,HS14,HS15,HS16,HS17,HS18,HS19,HS20,HS21,HS22,HS23,HS24,HS25,HS26,HS27,HS28,HS29,HS30,HR01,HR02,HR03,HR04,HR05,HR06,HR07,HR08,HR09,HR10,HR11,HR12,HR13,HR14,HR15,HR16,HR17,HR18,HR19,HR20,HR21,HR22,HR23,HR24,HR25,HR26,HR27,HR28,HR29,HR30,HT01,HT02,HT03,HT04,HT05,HT06,HT07,HT08,HT09,HT10,HT11,HT12,HT13,HT14,HT15,HT16,HT17,HT18,HT20,HT21,HT22,HT23,HT24,HT25,HT26,HT27,HT28,HT29,HT30,HT31,HH01,HH02,HH03,HH04,HH05,HH06,HH07,HH08,HH09,HH10,HH11,HH12,HH13,HH14,HH15,HH16,HH17,HH18,HH19,HH20,HH21,HH22,HH23,HH24,HH25,HH26,HH27,HH28,HH29,HH30,HH31,HH32,HH33,HH34,HH35,HH36,HH37,HH38,HH39,HH40,HH41,HH42,HH43,HH44,HH45,HH46,HH47,HH48,HH49,HH50,HH51,HH52,HH53,HH54,HH55,HH56,P1,P2,P3,P4,P5,P6,D1,D2,D3,D4,D5,D6,D7,D8,D9,D10,D11,D12,D13,D14,DB
AU,AUS,Australia,OCEANIA,Australia and New Zealand,2021,2020,1,2021,2020,AUS_2021_HILDA,HILDA,0.298470487,0.345217579,0.135178802,0.135501939,0.060857389,0.017987936,0.005170185,0.00096941,0.000538561,0,0.000107712,0.480396381,0.196359328,0.024773804,0.130008617,0.271973287,2.547631945,0.161084527,1.96549145,0.582140495,0.411342821,0.325717418,0.311620639,0.342033661,0.373029681,0.312932828,0.32719504,0.27078934,0.19183632,0.092477017,1,0.576186742,0.749677465,0.191413751,0.027399307,0.00295468,1,0.768346129,0.126836606,0.087154735,0.008512682,0,1,0.695029219,0.985298185,0.269242106,0.045783902,0,1,0.853733397,1.857099541,0.241935912,0.045477109,0,1,0.803479716,2.416027421,0.689367825,0.083222129,0.00790291,0.298470487,0.614067212,0.021003878,0.012063766,0.001615683,0.037483843,0.003662215,0.002261956,0.009370961,1,2.986026881,4.663158352,4.060381063,5.434862008,3.096416471,2.648646168,4.096670953,1.825071739,0.298470487,0.614067212,0.045239121,0.0132486,0.019603619,0.009370961,1,2.986026881,3.709831426,3.119872258,3.886516057,1.825071739,0.591875712,0.408124288,0.241110477,0.350637003,0.133295303,0.167522343,0.077771439,0.022057425,0.005704507,0.001140901,0.000570451,0,0.00019015,0.371845621,0.34017813,0.137555666,0.09351806,0.038594755,0.012617516,0.004453241,0.000742207,0.000494805,0,0,0.241110477,0.674272675,0.042783799,0.010648412,0.019395322,0.011789314,0.371845621,0.533894112,0.048243444,0.016575952,0.019792182,0.009648689,2.708494383,2.324223052,0.65481279,0.477051977,2.053681593,1.847171075,0.368320256,0.479682972,0.680639202,0.424706235,0.822994325,0.644270537,0.17397572,0.216702977,0.026844572,0.028203803,1.187758759,0.635120061,0.865922834,1.212051014,25921094,25921094,1.5962,84.5,85.8,83.2,0.951,0.951,21.05459023,12.72681999,0.968,49238.43335,0.93167223,21.81757927,12.81058979,37485.5883,0.962956483,20.30187988,12.63971043,61160.79011,NATIONAL
BE,BEL,Belgium,EUROPE,Western Europe,2021,2020,1,2021,2020,BEL_2021_SILC,SILC,0.347837623,0.332846909,0.132130539,0.125895463,0.043645529,0.013796763,0.001989918,0.000795967,0.000928628,0.000132661,0,0.464977448,0.169540992,0.017643937,0.093393473,0.330856991,2.265631838,0.125182744,1.777990068,0.48764177,0.416256215,0.263654356,0.269612331,0.253239787,0.311066165,0.291866895,0.312621731,0.274537265,0.182969958,0.10606335,1,0.53292746,0.682027815,0.043984176,0.006692387,0,1,0.788646461,0.164499705,0.04198827,0.004865564,0,1,0.753802335,1.161797279,0.070184844,0.014215542,0,1,0.914492469,2.018642481,0.052916227,0.013948824,0,1,0.927252387,2.956847491,0.088424788,0.027475334,0,0.347837623,0.613027328,0.014460069,0.002520562,0.000132661,0.018439904,0.002918546,0.000663306,0,1,2.918260288,4.760538737,4.233729899,4,2.309060123,2.282597765,3.252232636,NA,0.347837623,0.613027328,0.024940302,0.007959671,0.006235076,0,1,2.918260288,3.515476984,2.960691076,3.335402304,NA,0.619624119,0.380375881,0.264994547,0.378844057,0.133478735,0.152671756,0.051908397,0.014176663,0.001526718,0.001090513,0.001090513,0.000218103,0,0.476464612,0.261429055,0.13003725,0.084321029,0.030816119,0.013206908,0.002709109,0.000338639,0.000677277,0,0,0.264994547,0.694874591,0.026390403,0.008287895,0.005452563,0,0.476464612,0.485946495,0.022688791,0.007450051,0.007450051,0,2.429526247,1.998651374,0.501993226,0.464263558,1.927533021,1.534387817,0.436363361,0.383502108,0.676938249,0.298336986,0.698709441,0.654853805,0.048123386,0.037241492,0.005755172,0.008219092,1.144420701,0.425214813,0.78311232,1.109173004,11611416,11611416,1.5831,81.9,84.3,79.4,0.937,0.937,19.60421944,12.37567997,0.978,52293.39977,0.925048073,20.70512962,12.31939983,42532.93431,0.946127575,18.53882027,12.43480968,62295.08289,NATIONAL
BG,BGR,Bulgaria,EUROPE,Eastern Europe,2021,2020,1,2021,2020,BGR_2021_SILC,SILC,0.346576612,0.328698186,0.156403125,0.098000265,0.036948749,0.018673023,0.006489207,0.003840551,0.001589193,0.001191895,0.001589193,0.485101311,0.134949013,0.033373063,0.052708251,0.548139319,2.357323878,0.093543698,1.944952341,0.412371537,0.512140649,0.219411865,0.229943883,0.228414931,0.324691536,0.357598327,0.325732169,0.313156862,0.250020642,0.108353663,1,0.474833551,0.673534032,0.186632075,0.02232422,0,1,0.64295182,0.277813441,0.078740234,0.000494505,0,1,0.780980085,1.04752883,0.144654362,0.026836723,0,1,0.86814604,1.890874966,0.230595289,0.010383705,0,1,0.744352034,2.22537151,0.95700898,0.073267476,0,0.346576612,0.507085154,0.098397563,0.00569461,0.007151371,0.033373063,0.000529731,0.001191895,0,1,2.812445794,4.801347234,4.06898203,7.363688255,2.317095916,2.673167294,5.05595583,NA,0.346576612,0.507085154,0.119454377,0.01231625,0.014567607,0,1,2.812445794,4.411829094,2.773972087,5.596102494,NA,0.619806182,0.380193818,0.190570175,0.393201754,0.196491228,0.125657895,0.049122807,0.025657895,0.008552632,0.00504386,0.002412281,0.001535088,0.001754386,0.584419926,0.23035774,0.095285858,0.055834169,0.018388499,0.008024072,0.003343363,0.002006018,0.000334336,0.000668673,0.001337345,0.190570175,0.641447368,0.137061404,0.012938596,0.017982456,0,0.584419926,0.302240053,0.092611167,0.011367436,0.009361418,0,2.679122116,1.832716357,0.503344499,0.264064013,2.175777617,1.568652344,0.466190762,0.587049874,0.681408643,0.138067109,0.766066003,0.522684951,0.202082067,0.16144492,0.029565402,0.010519376,1.265201288,0.38671312,0.910576329,1.181939224,6885864,6885864,1.586,71.8,75.5,68.4,0.795,0.795,13.89729023,11.41318035,0.995,23078.95595,0.792403351,14.17173004,11.50780964,18109.38936,0.796486006,13.64058971,11.30865955,28356.81512,NATIONAL
CY,CYP,Cyprus,EUROPE,Southern Europe,2021,2020,1,2021,2020,CYP_2021_SILC,SILC,0.226112327,0.357646487,0.158764892,0.161925602,0.068319961,0.02066618,0.005348894,0.000972526,0.000243132,0,0,0.516411379,0.230245563,0.027230732,0.084609774,0.405543399,2.62427941,0.143536193,2.11743308,0.50684633,0.404638237,0.297570594,0.278076464,0.40865,0.425770588,0.337558823,0.323291176,0.266658824,0.185719823,0.100983119,1,0.648006442,0.89049833,0.041639198,0.04413544,0,1,0.740621912,0.158299652,0.026645952,0.074432485,0,1,0.795468912,1.102559837,0.047631378,0.054339873,0,1,0.941122005,2.006473047,0.039578286,0.012826661,0,1,0.919493984,2.92474877,0.110230648,0.045526597,0,0.226112327,0.689764162,0.025042548,0.022368101,0.002188184,0.007780209,0.026015074,0.000729395,0,1,3.027433305,5.001168309,4.157279811,5.011367198,2.194225703,2.014156281,3,NA,0.226112327,0.689764162,0.0269876,0.005835157,0.051300754,0,1,3.027433305,4.444800707,2.63368084,2.779149836,NA,0.761752781,0.238247219,0.119533528,0.389374798,0.172335601,0.198574668,0.085843861,0.025915128,0.006802721,0.001295756,0.000323939,0,0,0.546783626,0.262183236,0.117933723,0.05165692,0.015594542,0.004873294,0.000974659,0,0,0,0,0.119533528,0.808551992,0.027858763,0.003239391,0.040816327,0,0.546783626,0.332358674,0.024366472,0.013645224,0.082846004,0,2.833429442,1.955559669,0.578750673,0.276945082,2.25467877,1.678614587,0.4228555,0.346391803,0.820194489,0.097466025,0.948138552,0.706204052,0.034601755,0.064140162,0.030494647,0.08774943,1.226630455,0.360101609,1.028048315,1.318512978,1244193,1244193,1.3208,81.2,83.2,79.2,0.896,0.896,15.64826965,12.44017029,0.972,38188.42152,0.881957454,15.69172001,12.41040993,30616.52084,0.907058666,15.61785984,12.47198009,45734.5501,NATIONAL
CZ,CZE,Czech Republic,EUROPE,Eastern Europe,2021,2020,1,2021,2020,CZE_2021_SILC,SILC,0.346202605,0.362798202,0.13691368,0.118935116,0.028235565,0.005186124,0.001382966,0.000345742,0,0,0,0.499711882,0.147170681,0.006914832,0.079635819,0.460758327,2.331662416,0.136426057,1.877770158,0.453892258,0.468332712,0.262014335,0.238435858,0.22690041,0.320298174,0.381294936,0.293246685,0.285928354,0.229978035,0.093565628,1,0.60082966,0.660391132,0.068037809,0.002403814,0,1,0.778263776,0.15053546,0.068522459,0.002678304,0,1,0.868046376,1.046234262,0.079230442,0.00648892,0,1,0.973200513,1.931398086,0.093848062,0.001553339,0,1,0.978319334,2.732176467,0.285484415,0.004019784,0,0.346202605,0.60124467,0.027889824,0.000691483,0,0.023279935,0.000691483,0,0,1,2.863455895,4.179121669,3.498508443,NA,2.100565675,2.212031239,NA,NA,0.346202605,0.60124467,0.045522646,0.005647113,0.001382966,0,1,2.863455895,3.352113357,2.785161097,2.841954752,NA,0.753140874,0.246859126,0.174549,0.446448887,0.167723062,0.163172436,0.039167886,0.006825939,0.001625223,0.000487567,0,0,0,0.764659271,0.158874802,0.061806656,0.011093502,0.001584786,0.00118859,0.000792393,0,0,0,0,0.174549,0.765805298,0.052169673,0.006013327,0.001462701,0,0.764659271,0.200079239,0.029318542,0.004754358,0.00118859,0,2.633258928,1.411523615,0.536285539,0.202519141,2.096973388,1.209004474,0.459707144,0.4946484,0.796809309,0.002916646,0.759280432,0.358690421,0.074644261,0.04788223,0.002524925,0.002034318,1.170042105,0.11280818,0.926931284,1.096196293,10510748,10510748,1.6986,77.7,80.9,74.7,0.889,0.889,16.21968079,12.86931038,0.989,38745.21386,0.883640143,16.7543602,12.71214962,30454.50542,0.893197721,15.71041012,13.03565979,47288.80881,NATIONAL
DK,DNK,Denmark,EUROPE,Northern Europe,2021,2020,1,2021,2020,DNK_2021_SILC,SILC,0.380296069,0.405308831,0.096605411,0.084609495,0.026927004,0.004849413,0.001276161,0.000127616,0,0,0,0.501914242,0.111536498,0.00625319,0.059341501,0.408371618,1.829299234,0.086874114,1.476124493,0.353174742,0.373321834,0.18535324,0.203450902,0.264086619,0.20728864,0.235546267,0.252436538,0.210585897,0.189342329,0.081208802,1,0.410401037,0.344331783,0.074566414,0,0,1,0.764548128,0.089919759,0.030944643,0,0,1,0.550020605,0.734473316,0.164746099,0,0,1,0.727699451,1.423867355,0.271855121,0,0,1,0.632640735,1.844527428,0.371632536,0,0,0.380296069,0.551556917,0.004466565,0,0,0.036753446,0,0,0.026927004,1,2.583342487,3.608317877,NA,NA,2.871418312,NA,NA,1,0.380296069,0.551556917,0.037774375,0.003445636,0,0.026927004,1,2.583342487,3.041101917,1.991244919,NA,1,0.483331345,0.516668655,0.325295023,0.387891226,0.077475629,0.076192919,0.025910723,0.004361211,0.000769625,0,0,0,0,0.379600887,0.358980044,0.092239468,0.077605322,0.022172949,0.002660754,0.000665188,0,0,0,0,0.325295023,0.515135967,0.038994356,0.004104669,0,0.014366342,0.379600887,0.507317073,0.03037694,0.002882483,0,0.013747228,1.913037976,1.894016581,0.362515489,0.378307603,1.550522488,1.515708978,0.344264779,0.40754318,0.429885186,0.404730808,0.326668546,0.372547792,0.099166162,0.058006714,0,0,1.033849806,0.485501467,0.516672682,1.030207511,5854246,5854246,1.7187,81.4,83.3,79.5,0.948,0.948,18.71479988,12.96049023,0.98,60364.78595,0.937319033,19.34136963,13.15695,49876.26463,0.956524411,18.10860062,12.76414967,70961.09155,NATIONAL
ES,ESP,Spain,EUROPE,Southern Europe,2021,2020,1,2021,2020,ESP_2021_SILC,SILC,0.244680345,0.321321464,0.20283715,0.178416718,0.039986671,0.00928262,0.002475365,0.000666445,0.000285619,4.76E-05,0,0.524158614,0.218403389,0.012757652,0.087780264,0.339648689,2.42542144,0.105372339,1.999353558,0.426067882,0.467972841,0.22735706,0.247313782,0.242509229,0.309560451,0.407074316,0.367915868,0.286607618,0.207082031,0.130001086,1,0.557151863,0.674266861,0.167740621,0.026262096,0,1,0.712354495,0.147249006,0.096299905,0.01680766,0,1,0.708188013,0.905089562,0.244865012,0.035212609,0,1,0.841145142,1.679546473,0.211156696,0.037436554,0,1,0.812362509,2.193869233,0.53481086,0.052503867,0,0.244680345,0.628219165,0.042462036,0.008473366,0.00090446,0.06093207,0.00523635,0.001094873,0.007997334,1,2.892460371,4.32537982,4.060085064,5.665071838,2.71000255,2.396330629,3.987833474,1,0.244680345,0.628219165,0.078783263,0.024610844,0.015709049,0.007997334,1,2.892460371,3.566234734,3.099747436,3.526522666,1,0.544369149,0.455630851,0.191326308,0.332578594,0.203256989,0.19698685,0.0407559,0.009492293,0.003047984,0.000522512,0.000261256,8.71E-05,0,0.294565109,0.298868982,0.193374037,0.146932239,0.035932339,0.008507657,0.001701531,0.000800721,0.00030027,0,0,0.191326308,0.661586693,0.074457894,0.025777236,0.017242881,0.007924758,0.294565109,0.561205085,0.080472425,0.021719548,0.013011711,0.010009008,2.560725332,2.352428467,0.44907294,0.416067608,2.111652393,1.936360859,0.46803978,0.480476207,0.652626,0.447628174,0.670334193,0.68471126,0.17319733,0.162967055,0.032843156,0.018399314,1.224751902,0.703103048,0.886900491,1.233257811,47486932,47486932,1.2779,83,85.8,80.2,0.905,0.905,17.91690063,10.60540009,0.986,38353.60164,0.895714434,18.43042946,10.52787018,31212.63763,0.908603781,17.4191494,10.68844986,45784.07701,NATIONAL
EE,EST,Estonia,EUROPE,Northern Europe,2021,2020,1,2021,2020,EST_2021_SILC,SILC,0.303850317,0.346837792,0.156022885,0.121230864,0.050564404,0.01546312,0.00386578,0.001546312,0.000309262,0.000154631,0.000154631,0.502860677,0.171795268,0.021493737,0.099427865,0.365702799,2.101230836,0.112785824,1.68743648,0.413794356,0.418793547,0.222722772,0.227370746,0.219714367,0.315197795,0.290440999,0.271319092,0.260076452,0.175321027,0.119067587,1,0.432055715,0.454693253,0.209437725,0.005044143,0,1,0.775714399,0.133158922,0.083789506,0.007337172,0,1,0.71659712,0.895802219,0.384486594,0.003114067,0,1,0.806926874,1.635388843,0.54424741,0.013436873,0,1,0.715347317,2.15961921,1.109625637,0.015407836,0,0.303850317,0.560383485,0.036956858,0.000927787,0.000618525,0.093087985,0.002937993,0.00123705,0,1,2.799422094,4.139762708,4.414054874,6.464892784,3.33237132,2.248937791,4.890247063,NA,0.303850317,0.560383485,0.123859595,0.006185248,0.005721355,0,1,2.799422094,3.570817462,3.137184182,3.548705268,NA,0.444331184,0.555668816,0.252620166,0.380917962,0.157571377,0.13552584,0.050234911,0.015901699,0.005059631,0.001445609,0.000361402,0.000361402,0,0.342162162,0.321351351,0.154864865,0.110540541,0.050810811,0.015135135,0.002972973,0.001621622,0.00027027,0,0.00027027,0.252620166,0.588362848,0.145645103,0.007589447,0.005782436,0,0.342162162,0.539459459,0.107567568,0.005135135,0.005675676,0,2.160081283,2.05417207,0.410823694,0.416169796,1.74925759,1.638002274,0.350015382,0.473790845,0.483638228,0.39080863,0.422268755,0.480620955,0.249370731,0.17750597,0.004803569,0.005236515,1.117938555,0.517254738,0.631319034,1.120747536,1328704,1328704,1.6761,77.1,81.2,72.8,0.89,0.89,15.92895985,13.54843044,1.021,38048.26372,0.898020476,16.76152992,13.78102016,30995.40471,0.879365759,15.14676952,13.2729702,45866.20685,NATIONAL
FI,FIN,Finland,EUROPE,Northern Europe,2021,2020,1,2021,2020,FIN_2021_SILC,SILC,0.256511109,0.419049644,0.126607845,0.125438503,0.051451047,0.011799724,0.004783672,0.002338684,0.000850431,0.000637823,0.000531519,0.545657489,0.17688955,0.020941852,0.081747635,0.299457851,1.92669516,0.086682797,1.558175187,0.368519973,0.436083715,0.192027199,0.212985517,0.229541151,0.249653479,0.232228187,0.249378666,0.248491699,0.205,0.107389262,1,0.451846,0.379093273,0.090072815,0.002988522,0,1,0.885660868,0.081073369,0.029935954,0.000198284,0,1,0.746090484,0.994768514,0.247183638,0.002923445,0,1,0.863349081,1.802379423,0.325423392,0.003815666,0,1,0.80428129,2.558979136,0.598595481,0.021849,0,0.256511109,0.675879664,0.003826937,0.001488253,0,0.060593175,0.000106304,0.000318911,0.001275646,1,2.686075087,3.982165456,5.22349342,NA,3.471762219,2,4.846535697,2.162786579,0.256511109,0.675879664,0.060593175,0.003826937,0.001913469,0.001275646,1,2.686075087,3.577182051,2.649282893,5.007668002,2.162786579,0.485918715,0.514081285,0.23861036,0.42978989,0.133347202,0.124817974,0.051383399,0.011857708,0.006240899,0.0020803,0.00083212,0.00041606,0.00062409,0.275217391,0.407826087,0.119565217,0.126086957,0.051521739,0.01173913,0.00326087,0.002608696,0.000869565,0.000869565,0.000434783,0.23861036,0.677553568,0.076138964,0.004784689,0.00166424,0.00124818,0.275217391,0.674130435,0.044347826,0.002826087,0.002173913,0.001304348,1.973155916,1.882779632,0.365305264,0.371558572,1.607850652,1.51122106,0.385870021,0.483546586,0.483403888,0.422016927,0.368455718,0.389148078,0.115376264,0.066155547,0.002668425,0.003291083,1.066632783,0.470413825,0.541217869,1.040807236,5535982,5535982,1.3891,82,84.7,79.3,0.94,0.94,19.05192947,12.87362003,0.989,49452.16672,0.934283259,19.85631943,13.04683971,41697.50156,0.944567946,18.28832054,12.69112968,57393.79553,NATIONAL
FR,FRA,France,EUROPE,Western Europe,2021,2020,1,2021,2020,FRA_2021_SILC,SILC,0.333357117,0.34755619,0.131145202,0.129504103,0.042597217,0.011487692,0.002640029,0.00099893,0.000356761,0.000285408,7.14E-05,0.478701391,0.17210132,0.015840171,0.086621477,0.344131288,2.173706972,0.094238919,1.72995862,0.443748352,0.475127041,0.219383104,0.283464497,0.211371899,0.261453525,0.281944539,0.287754538,0.288986515,0.210708136,0.12864022,1,0.523621662,0.616443311,0.030734947,0.002907052,0,1,0.824242617,0.144999335,0.027164786,0.00499873,0,1,0.770773235,1.148555855,0.075453213,0.005217696,0,1,0.921587438,2.047183187,0.031042303,0.000187073,0,1,0.908867901,2.96946609,0.11255969,0.00910632,0,0.333357117,0.643310738,0.008205494,0.00099893,0,0.012201213,0.001641099,7.14E-05,0.000214056,1,2.872234066,4.294495958,4.588897026,NA,2.554066204,2.322855036,3,NA,0.333357117,0.643310738,0.015412059,0.004994649,0.002711381,0.000214056,1,2.872234066,3.383497597,2.568982224,2.894308925,NA,0.439980065,0.560019935,0.303967611,0.387044534,0.12534413,0.126315789,0.04145749,0.011497976,0.00291498,0.00048583,0.000323887,0.000647773,0,0.355242967,0.316879795,0.136061381,0.132352941,0.043606138,0.011508951,0.002429668,0.00140665,0.000383632,0,0.000127877,0.303967611,0.672874494,0.016032389,0.0048583,0.002105263,0.000161943,0.355242967,0.621483376,0.014961637,0.00511509,0.002941176,0.000255754,2.158698323,2.182017413,0.393984439,0.482845405,1.764713884,1.699172008,0.484456442,0.467449788,0.572591465,0.485060057,0.55177677,0.664857978,0.032094401,0.029319289,0.002235688,0.00278009,1.114372959,0.595740416,0.650340925,1.103431592,64531448,64531448,1.79,82.5,85.5,79.4,0.903,0.903,15.81206989,11.61005974,0.99,45937.05273,0.897519009,16.15681076,11.43721962,38403.4713,0.906690802,15.47455025,11.80276966,53987.67697,NATIONAL
GR,GRC,Greece,EUROPE,Southern Europe,2021,2020,1,2021,2020,GRC_2021_SILC,SILC,0.324245066,0.369897757,0.146310533,0.117064278,0.032495839,0.007925814,0.001664421,0.000237774,0.000158516,0,0,0.51620829,0.149560117,0.009986526,0.048505984,0.530712531,2.554975133,0.098351247,2.115371107,0.439604026,0.57328667,0.219815532,0.268677575,0.24387076,0.313294482,0.383228318,0.391395719,0.340248754,0.225434093,0.169009899,1,0.638270959,0.815965568,0.094382752,0.006355854,0,1,0.779304398,0.134328599,0.077163767,0.009203236,0,1,0.860297586,1.028894784,0.100365607,0.010442022,0,1,0.959672587,1.931975273,0.104556037,0.003796104,0,1,0.938852715,2.788046209,0.260269259,0.012831817,0,0.324245066,0.623206784,0.02520409,0.00126813,0.000237774,0.024252992,0.001426647,0.000158516,0,1,3.04262484,4.497968692,3.579413093,5.744633792,2.288276375,2.018049022,3.6499797,NA,0.324245066,0.623206784,0.039391297,0.010065784,0.003091068,0,1,3.04262484,3.776041822,2.730810799,3.054574422,NA,0.713733334,0.286266666,0.169690011,0.448679679,0.177037887,0.15097589,0.041102181,0.009873708,0.002181401,0.000229621,0.000229621,0,0,0.66879959,0.194266701,0.077809061,0.041464039,0.013309445,0.003583312,0.000511902,0.000255951,0,0,0,0.169690011,0.780367394,0.039380023,0.007577497,0.002985075,0,0.66879959,0.272843614,0.039416432,0.015613002,0.003327361,0,2.860628022,1.792907169,0.534903953,0.201997826,2.325724069,1.590909343,0.565880425,0.591752266,0.825059511,0.172561077,0.942006682,0.501714016,0.086724965,0.113475499,0.006836864,0.005156577,1.274206434,0.39254288,1.051517634,1.198366463,10445368,10445368,1.371,80.1,82.9,77.5,0.887,0.887,20.02878952,11.40853024,0.969,29002.48545,0.871930104,20.05644035,11.09685993,22889.79217,0.900182194,20.00617981,11.74693966,35367.94782,NATIONAL
HR,HRV,Croatia,EUROPE,Southern Europe,2021,2020,1,2021,2020,HRV_2021_SILC,SILC,0.299455984,0.338897132,0.159990109,0.118447082,0.052670623,0.021266073,0.006800198,0.001854599,0.00049456,0.00012364,0,0.49888724,0.171117705,0.03053907,0.040801187,0.525964392,2.717364992,0.107192458,2.24257975,0.474785242,0.566817877,0.232624469,0.292377991,0.319422991,0.358534223,0.373017067,0.377990082,0.378359988,0.245039183,0.139998998,1,0.602468725,0.946991313,0.158557599,0.009347354,0,1,0.679761493,0.244610363,0.070856502,0.004771642,0,1,0.819570577,1.068665389,0.107496881,0.004267152,0,1,0.911359716,1.935978879,0.144182678,0.008478727,0,1,0.888062726,2.643964301,0.446239129,0.021733845,0,0.299455984,0.601632047,0.068867458,0.002843719,0.00111276,0.023986152,0.001607319,0.00049456,0,1,3.09890244,4.958418227,4.791358466,6.326310382,2.296905295,2,4.41651925,NA,0.299455984,0.601632047,0.081973294,0.010880317,0.006058358,0,1,3.09890244,4.501347607,3.177596769,4.617138906,NA,0.607264257,0.392735743,0.166836631,0.387313889,0.188660004,0.148888436,0.068529472,0.027942076,0.008566184,0.003059351,0,0.000203957,0,0.503610675,0.264364207,0.115855573,0.071585557,0.028257457,0.010989011,0.004081633,0,0.001255887,0,0,0.166836631,0.725270243,0.089537018,0.011013665,0.007342443,0,0.503610675,0.411302983,0.07032967,0.010675039,0.004081633,0,3.04555265,2.209907656,0.560907585,0.341619312,2.484645065,1.868288344,0.552637081,0.58874481,0.785827774,0.318951377,1.079258711,0.742473989,0.169106725,0.142246104,0.011359439,0.006236186,1.375629982,0.62286539,1.109015083,1.245422954,4060139,4060139,1.4518,77.6,81.1,74.2,0.858,0.858,15.11209965,12.19108434,0.995,30132.28814,0.855338778,15.90723991,11.93745426,23887.99467,0.859239831,14.35393047,12.48016495,36712.79009,NATIONAL
IE,IRL,Ireland,EUROPE,Northern Europe,2021,2020,1,2021,2020,IRL_2021_SILC,SILC,0.282707388,0.314486174,0.136813867,0.154560462,0.081510524,0.024143624,0.004127115,0.001031779,0,0.000412712,0.000206356,0.451300041,0.236070986,0.029921585,0.079653322,0.388567891,2.601150275,0.159343647,1.973467058,0.627683218,0.378717585,0.339471926,0.35635226,0.311199792,0.360840565,0.394993283,0.321306399,0.25346343,0.173793302,0.089729319,1,0.544372425,0.95136477,0.0629006,0.042512481,0,1,0.663856525,0.253509543,0.051087923,0.031546009,0,1,0.696787835,1.169264445,0.0594028,0.07454492,0,1,0.852140971,1.998135437,0.063029414,0.086694177,0,1,0.950501077,2.91161193,0.103044766,0.034842227,0,0.282707388,0.663846471,0.021048287,0.007428807,0.000619067,0.017127528,0.007222452,0,0,1,3.189773286,4.674901371,4.089616191,4.522485352,2.509863917,2.730706818,NA,NA,0.282707388,0.663846471,0.025175402,0.013000413,0.015270326,0,1,3.189773286,4.023631684,3.285170879,3.335432308,NA,0.473204875,0.526795125,0.258838384,0.342592593,0.132575758,0.151094276,0.080808081,0.026936027,0.00547138,0.000841751,0,0.000841751,0,0.305668016,0.287449393,0.140890688,0.157894737,0.082186235,0.02145749,0.002834008,0.001214575,0,0,0.000404858,0.258838384,0.688973064,0.023569024,0.01473064,0.013888889,0,0.305668016,0.639676113,0.026720648,0.011336032,0.01659919,0,2.563276271,2.635171402,0.557835366,0.69042553,2.005440906,1.944745872,0.411019641,0.349701579,0.611457759,0.484111604,0.826672857,1.063371921,0.070958931,0.055662034,0.054186725,0.032025843,1.236262989,0.72377903,0.769177917,1.220966842,4986525,4986525,1.7678,82,83.8,80.2,0.945,0.945,18.94522095,11.58222303,0.987,76168.98443,0.934275848,19.23660088,11.78455323,61104.49396,0.946695538,18.64551926,11.36747134,91505.92493,NATIONAL
LT,LTU,Lithuania,EUROPE,Northern Europe,2021,2020,1,2021,2020,LTU_2021_SILC,SILC,0.338644008,0.367852717,0.154717649,0.100902815,0.027438485,0.008143034,0.001947247,0,0.000177022,0.000177022,0,0.522570366,0.128341299,0.010444326,0.067091521,0.43582935,2.100829655,0.099073022,1.72913449,0.371695166,0.420907359,0.202603273,0.206041719,0.233393544,0.285978545,0.279959541,0.31738604,0.275157852,0.175159892,0.125149248,1,0.406457003,0.456339989,0.232207666,0.005824998,0,1,0.674405383,0.176792894,0.143668012,0.005133711,0,1,0.666522028,0.871925343,0.455618423,0.005934207,0,1,0.758401434,1.646990701,0.578202309,0.016405557,0,1,0.684428607,2.198342405,1.071658193,0.045570795,0,0.338644008,0.520977164,0.050982475,0.00212427,0.000354045,0.084439724,0.001239157,0.001239157,0,1,2.740913722,4.317745263,3.956689534,6.436236747,2.886163762,2,4.395128011,NA,0.338644008,0.520977164,0.12338467,0.012037529,0.004956629,0,1,2.740913722,3.337183084,2.440052913,3.534339988,NA,0.434921824,0.565078176,0.222424795,0.448040109,0.177301732,0.112579763,0.029170465,0.008204193,0.001823154,0,0,0.000455789,0,0.412445731,0.316931983,0.140376266,0.093487699,0.02633864,0.008104197,0.002026049,0,0.000289436,0,0,0.222424795,0.618960802,0.139015497,0.014129444,0.005469462,0,0.412445731,0.458755427,0.113458755,0.010709117,0.00463097,0,2.150439678,2.062646475,0.342316434,0.394306995,1.808123244,1.66833948,0.35446513,0.472045727,0.479678076,0.350101186,0.399526197,0.500067669,0.262900265,0.208584596,0.00833514,0.003893024,1.150343984,0.504937433,0.65777926,1.163402047,2786652,2786652,1.6222,73.7,78.8,68.8,0.875,0.875,16.28506088,13.49810028,1.03,37931.30359,0.887521885,16.73283958,13.58351994,33891.36872,0.861661897,15.85984993,13.39519978,42500.04326,NATIONAL
LU,LUX,Luxembourg,EUROPE,Western Europe,2021,2020,1,2021,2020,LUX_2021_SILC,SILC,0.187254902,0.322303922,0.206127451,0.204166667,0.057352941,0.015686275,0.005147059,0.001470588,0.000245098,0,0.000245098,0.528431373,0.261519608,0.022794118,0.124754902,0.225,2.192793172,0.122605373,1.74587509,0.446918082,0.258985567,0.252928526,0.241055054,0.288884609,0.357504298,0.34134225,0.325454696,0.22249441,0.117492268,0.045637062,1,0.501267149,0.599145234,0.09238079,0,0,1,0.81975133,0.133366556,0.046882114,0,0,1,0.760659856,1.045667997,0.193672147,0,0,1,0.884074997,1.889246238,0.226678765,0,0,1,0.927977319,2.808144907,0.263877774,0,0,0.187254902,0.700735294,0.051715686,0,0,0.060294118,0,0,0,1,2.912502068,4.218435575,NA,NA,2.936739549,NA,NA,NA,0.187254902,0.700735294,0.074019608,0.037990196,0,0,1,2.912502068,3.442055193,3.566863358,NA,NA,0.585002704,0.414997296,0.164826176,0.33006135,0.199182004,0.221267894,0.062576687,0.014723926,0.005316973,0.001226994,0.000408998,0,0.000408998,0.220795107,0.310703364,0.216513761,0.178593272,0.049541284,0.017125382,0.004892966,0.001834862,0,0,0,0.164826176,0.73006135,0.065439673,0.039672802,0,0,0.220795107,0.656880734,0.086850153,0.035474006,0,0,2.249060528,2.113475656,0.440335662,0.45619702,1.808724866,1.657278636,0.251424153,0.269644546,0.568293285,0.406783471,0.581643058,0.62381725,0.099124185,0.082874935,0,0,1.140576607,0.543331839,0.668148259,1.113946798,639330,639330,1.3877,82.6,84.8,80.4,0.93,0.93,14.39813995,13.01519217,0.993,84649.47467,0.924607692,14.38416004,13.0062666,70117.37449,0.931456058,14.41333008,13.02411775,98991.3462,NATIONAL
LV,LVA,Latvia,EUROPE,Northern Europe,2021,2020,1,2021,2020,LVA_2021_SILC,SILC,0.392025567,0.320499163,0.135291432,0.096028002,0.037741592,0.012935626,0.004108964,0.000913103,0.000152184,0.000152184,0.000152184,0.455790595,0.133769594,0.018414244,0.090701567,0.419266474,2.269890909,0.126852312,1.820057869,0.44983304,0.467620219,0.243881171,0.250398833,0.18080449,0.316948381,0.336300713,0.314740942,0.299955274,0.20691904,0.119942066,1,0.460345776,0.619313302,0.170673938,0.019557893,0,1,0.624938244,0.231808241,0.12604194,0.017211575,0,1,0.730772213,0.975277011,0.259864457,0.034086318,0,1,0.847318361,1.847090158,0.283012849,0.022578632,0,1,0.834983329,2.510500349,0.59913076,0.055385562,0,0.392025567,0.482270583,0.059656065,0.006087354,0.00197839,0.050981586,0.006087354,0.000913103,0,1,2.831648217,4.301396443,3.755655396,6.051762742,2.433129862,2.162959457,4.012358592,NA,0.392025567,0.482270583,0.097245473,0.013392178,0.0150662,0,1,2.831648217,3.501553288,3.007442394,3.5710722,NA,0.293822212,0.706177788,0.419218585,0.326821542,0.123020063,0.082365364,0.033262936,0.008975713,0.005279831,0.001055966,0,0,0,0.38101347,0.31793885,0.140260851,0.10156083,0.03955527,0.014539235,0.003634809,0.000855249,0.000213812,0.000213812,0.000213812,0.419218585,0.444033791,0.105596621,0.016895459,0.014255544,0,0.38101347,0.497754971,0.093863588,0.011973487,0.015394484,0,2.099535807,2.340771236,0.350379353,0.491213133,1.749156454,1.849558103,0.410536591,0.491371232,0.440750688,0.468498782,0.454641026,0.687829154,0.186128683,0.164243621,0.018015411,0.020199679,1.148785665,0.675024177,0.600370789,1.174533926,1873926,1873926,1.5827,73.6,77.8,69.2,0.863,0.863,16.20252991,13.25271988,1.025,32803.23423,0.872905527,16.7930603,13.56832981,27882.28493,0.851825526,15.63866997,12.89021969,38506.11171,NATIONAL
MG,MDG,Madagascar,AFRICA,Eastern Africa,2021,2020,1,2021,2020,MDG_2021_DHS,DHS,0.075280351,0.120965383,0.181423696,0.192930278,0.162213554,0.108776207,0.070355924,0.039980497,0.020721599,0.01287177,0.014480741,0.302389078,0.355143832,0.267186738,0.486445636,0.135153584,4.36454616,0.646351806,2.20697162,2.15757454,0.160707406,1.259462944,1.075770985,0.684839716,0.473950067,0.352965561,0.253457812,0.170926607,0.066564383,0.026608085,1,0.689193718,2.043279065,0.550208086,0.081847084,0,1,0.480154386,0.309751397,0.185397234,0.024696983,0,1,0.682796613,0.997734337,0.286426163,0.033042888,0,1,0.785297813,1.755768843,0.391103706,0.067829638,0,1,0.807089436,2.549866174,0.554559009,0.088485382,0,0.075280351,0.599219893,0.214968308,0.035446124,0.018820088,0.050658216,0.003900536,0.001706485,0,1,4.225145,5.90477195,5.356354453,7.326419004,2.991221489,2.600669179,4.126157806,NA,0.075280351,0.599219893,0.204095563,0.061530961,0.059873233,0,1,4.225145,5.578144383,4.68585148,5.728234346,NA,0.752557891,0.247442109,0.049736002,0.093931295,0.172283424,0.204419529,0.175868587,0.12332964,0.079981748,0.045042696,0.023857636,0.014731765,0.016817678,0.151093055,0.201199458,0.208550977,0.158831495,0.12168698,0.065583285,0.04178758,0.024956471,0.0114142,0.007351519,0.00754498,0.049736002,0.664559025,0.160680529,0.056710775,0.068313669,0,0.151093055,0.405300832,0.332946411,0.075836719,0.034822983,0,4.644650937,3.512649686,2.283345303,1.775061713,2.361305634,1.737587973,0.144394969,0.210319223,0.891307293,0.074495735,2.215188304,1.520443018,0.443806786,0.873811607,0.094324361,0.043899327,1.274452298,0.406524826,1.086853335,1.331063148,28915652,28915652,3.8514,64.5,66.9,62.2,0.501,0.501,10.13499142,5.120468534,0.956,1483.520983,0.489879193,10.1833395,4.914466457,1283.799532,0.512325749,10.08976666,5.339324566,1682.329777,NATIONAL
NL,NLD,Netherlands,EUROPE,Western Europe,2021,2020,1,2021,2020,NLD_2021_SILC,SILC,0.362157197,0.370161396,0.098543498,0.120456633,0.036609369,0.008594673,0.002624328,0.000852906,0,0,0,0.468704894,0.157066002,0.012071907,0.055635743,0.400406771,2.140424198,0.114266903,1.729538512,0.410885685,0.413595505,0.223989947,0.2393551,0.275104661,0.267803675,0.266558333,0.313963021,0.263514536,0.202612631,0.087522293,1,0.510437742,0.455724435,0.17213454,0.00212748,0,1,0.895695199,0.072813816,0.030960186,0.000530799,0,1,0.708724116,0.888149147,0.396047941,0.006669115,0,1,0.805869609,1.655488584,0.531131271,0.007510536,0,1,0.756801483,2.370730479,0.868337051,0.004130987,0,0.362157197,0.582994358,0.002755544,0.000328041,0,0.050255872,0.001377772,0.000131216,0,1,2.759380174,4.122826692,4.347220792,NA,3.594976994,3.122111216,5.019719299,NA,0.362157197,0.582994358,0.049993439,0.003017977,0.001837029,0,1,2.759380174,3.650669987,2.813681208,3.57164991,NA,0.48432954,0.51567046,0.331042068,0.39703052,0.096370635,0.12331592,0.040280451,0.008523508,0.002612043,0.000824856,0,0,0,0.390513239,0.345589158,0.100389007,0.117831597,0.033253859,0.008658552,0.002635211,0.000878404,0,0,0,0.331042068,0.610805609,0.05251581,0.003024471,0.002612043,0,0.390513239,0.55753545,0.047684779,0.002886184,0.001129376,0,2.160513242,2.121556106,0.396634088,0.424271112,1.763879154,1.697284993,0.379095795,0.445998424,0.531864007,0.490313701,0.427890712,0.481866507,0.197822064,0.148008228,0.002936459,0.001367669,1.130689664,0.594710813,0.633189489,1.10257418,17501696,17501696,1.6404,81.7,83.4,80,0.941,0.941,18.69316522,12.58162975,0.968,55979.411,0.924997733,19.00924791,12.3527298,46301.34118,0.956065754,18.38851776,12.81820965,65778.44697,NATIONAL
PT,PRT,Portugal,EUROPE,Southern Europe,2021,2020,1,2021,2020,PRT_2021_SILC,SILC,0.212248246,0.382757678,0.2143443,0.144627723,0.03508612,0.007837419,0.002369452,0.000637929,0,9.11E-05,0,0.597101978,0.179713843,0.010935934,0.052948145,0.468331359,2.481684111,0.103168476,2.072614669,0.409069442,0.556581519,0.211717547,0.250741815,0.267823023,0.293147967,0.377735708,0.358519634,0.316714714,0.248586578,0.156697125,1,0.592421965,0.777594723,0.105116639,0.006550785,0,1,0.673401362,0.274134733,0.048663723,0.003800183,0,1,0.847984937,1.077745457,0.069502147,0.004767459,0,1,0.931617546,1.951341442,0.112690755,0.004350257,0,1,0.899841843,2.529702767,0.545442352,0.025013038,0,0.212248246,0.700173152,0.06096783,0.001822656,0.000455664,0.022509797,0.001366992,0.000455664,0,1,2.838559674,4.66939991,4.59159511,7.265885319,2.278942717,2.478020452,4.947860014,NA,0.212248246,0.700173152,0.065980133,0.017497494,0.004100975,0,1,2.838559674,4.17859634,3.398019016,4.401711574,NA,0.617585014,0.382414986,0.099635139,0.431518383,0.242351951,0.174010665,0.039433062,0.010103845,0.001964637,0.000841987,0,0.000140331,0,0.420847414,0.292435664,0.162464258,0.090200156,0.027034053,0.003639199,0.003119314,0.000259943,0,0,0,0.099635139,0.825708672,0.061324726,0.010244176,0.003087286,0,0.420847414,0.46763712,0.074603587,0.030933195,0.005978685,0,2.743328358,2.059139043,0.441058903,0.357407733,2.302269455,1.70173131,0.603998949,0.480004254,0.801034813,0.255520502,0.841247344,0.674798268,0.097792721,0.116944475,0.003253481,0.011875799,1.259510681,0.478874023,1.042758774,1.222857288,10290109,10290109,1.3631,81,84.1,77.8,0.866,0.866,16.87122917,9.575940132,0.994,33154.53343,0.862546452,16.9929409,9.607560158,28713.43697,0.867492871,16.74909019,9.538669586,38126.79503,NATIONAL
RO,ROU,Romania,EUROPE,Eastern Europe,2021,2020,1,2021,2020,ROU_2021_SILC,SILC,0.307321773,0.362923204,0.164189375,0.103495734,0.037297,0.016928159,0.004954583,0.001376273,0.000825764,0.000137627,0.000550509,0.527112579,0.140792733,0.024772915,0.026837325,0.495871181,2.538420578,0.07863208,2.055768365,0.482652213,0.490781764,0.201629996,0.337111702,0.245669778,0.350624176,0.415838976,0.32796738,0.332725194,0.219742315,0.107111063,1,0.559432838,0.784243544,0.18475871,0.009244322,0,1,0.78038959,0.149116308,0.06290422,0.006993339,0,1,0.821364688,1.04671584,0.112487956,0.016651669,0,1,0.889612049,1.928389459,0.171703883,0.009638783,0,1,0.769512408,2.345848836,0.872786367,0.011852389,0,0.307321773,0.586567575,0.079273328,0.002339664,0.001651528,0.020368841,0.001926782,0.000275255,0.000275255,1,2.98299084,4.978581714,4.11625653,5.947158541,2.324619487,2.355794658,7.811336886,2,0.307321773,0.586567575,0.08684283,0.012799339,0.006193229,0.000275255,1,2.98299084,4.604533248,3.441617744,4.405221864,2,0.694550966,0.305449034,0.173099415,0.437231969,0.192007797,0.127680312,0.0417154,0.019298246,0.00545809,0.001949318,0.000974659,0,0.000584795,0.629508197,0.184543326,0.097423888,0.045433255,0.026697892,0.011241218,0.003747073,0,0.000468384,0.000468384,0.000468384,0.173099415,0.728460039,0.080116959,0.011890838,0.006042885,0.000389864,0.629508197,0.245901639,0.103044496,0.01498829,0.006557377,0,2.832006189,1.870589858,0.584287998,0.251545791,2.247718191,1.619044067,0.443260263,0.598839411,0.761185153,0.100418966,0.900563438,0.51974739,0.160233674,0.240525418,0.00895681,0.009898085,1.262030117,0.376100663,0.985688074,1.242943404,19328558,19328558,1.748,74.2,77.9,70.6,0.821,0.821,14.22990036,11.27511978,0.994,30027.29131,0.818929278,14.7216301,10.98981953,24554.47673,0.823464389,13.77198982,11.58393002,35874.0976,NATIONAL
SI,SVN,Slovenia,EUROPE,Southern Europe,2021,2020,1,2021,2020,SVN_2021_SILC,SILC,0.158291457,0.365577889,0.194863205,0.185231714,0.061418202,0.023590173,0.007118928,0.002791736,0.00041876,0.000558347,0.000139587,0.560441094,0.246649916,0.034617532,0.080960357,0.469430486,2.47660031,0.125167072,2.010684357,0.465915953,0.471405686,0.269580885,0.243878892,0.260609643,0.347570565,0.364424435,0.359947988,0.325490275,0.215199373,0.089898255,1,0.546898021,0.628181381,0.290815279,0.01070563,0,1,0.768897756,0.12417633,0.104784755,0.002141159,0,1,0.706452325,0.828390627,0.448861737,0.01629531,0,1,0.811145551,1.619394213,0.554907254,0.014552983,0,1,0.780863897,2.215568376,0.964505789,0.039061938,0,0.158291457,0.637911781,0.063791178,0.00614182,0.002791736,0.126884422,0.001675042,0.002512563,0,1,2.934101487,4.63089208,3.972478172,6.452605286,3.248595279,2.881409641,4.635246629,NA,0.158291457,0.637911781,0.181044109,0.009631491,0.013121161,0,1,2.934101487,3.606784093,2.563297377,4.24481199,NA,0.473171668,0.526828332,0.113398894,0.385064536,0.201598033,0.195451752,0.067609096,0.023048556,0.007990166,0.003995083,0.000307314,0.001229256,0.000307314,0.195652174,0.349360614,0.189258312,0.176726343,0.056265985,0.024040921,0.006393862,0.001790281,0.000511509,0,0,0.113398894,0.643208359,0.216041795,0.011677935,0.015673018,0,0.195652174,0.633503836,0.151918159,0.007928389,0.010997442,0,2.527423942,2.430952988,0.446061669,0.483748109,2.081362272,1.947204879,0.428337218,0.510087697,0.553906415,0.540603421,0.575784497,0.675241722,0.383435668,0.207628135,0.014297361,0.00747971,1.272289835,0.768846786,0.809072438,1.178358093,2119408,2119408,1.6272,80.7,83.8,77.6,0.918,0.918,17.65492058,12.80368042,0.999,39746.01987,0.915401467,18.41757965,12.83347034,33037.52848,0.916243227,16.93939018,12.77305984,46385.63912,NATIONAL
SE,SWE,Sweden,EUROPE,Northern Europe,2021,2020,1,2021,2020,SWE_2021_SILC,SILC,0.261896726,0.377432782,0.12723591,0.155135561,0.056924288,0.01439982,0.004387445,0.00157498,0.00078749,0,0.000224997,0.504668692,0.212059849,0.021374733,0.103386208,0.322308471,1.997967291,0.115018911,1.571763658,0.426203634,0.4019471,0.232268002,0.232488061,0.245258159,0.271340709,0.250664127,0.252309859,0.213983855,0.194304734,0.105349785,1,0.442445123,0.438872948,0.110082102,0.006567118,0,1,0.848330812,0.110248402,0.03219758,0.00480075,0,1,0.687229295,1.022707469,0.263730781,0.021463943,0,1,0.837279849,1.812162885,0.344737222,0.005820045,0,1,0.791423665,2.527533728,0.659005034,0.019222011,0,0.261896726,0.665766678,0.003262459,0.001349983,0.000224997,0.063786703,0.002137473,0.001012487,0.000562493,1,2.760397031,4.190034389,3.893392574,5,3.52489637,2.857679399,4.009843053,1,0.261896726,0.665766678,0.063449207,0.003599955,0.004724941,0.000562493,1,2.760397031,3.625332762,2.661518336,3.393839055,1,0.50548795,0.49451205,0.249440215,0.386699507,0.130541872,0.154724586,0.060456785,0.011867443,0.003806538,0.000895656,0.000895656,0,0.000223914,0.274040632,0.368171558,0.123476298,0.15530474,0.053498871,0.016930023,0.00496614,0.002257336,0.000677201,0,0.000225734,0.249440215,0.670846395,0.069413345,0.004030452,0.004926108,0.000895656,0.274040632,0.659593679,0.057336343,0.003160271,0.004514673,0.000902935,1.988712149,2.009801908,0.406536457,0.446383355,1.582175692,1.563418553,0.354310097,0.450641427,0.449806433,0.434920427,0.41269636,0.465744572,0.119795018,0.100153604,0.005308865,0.007853297,1.064457195,0.50410606,0.517718497,1.059312494,10467095,10467095,1.67,83,84.9,81.1,0.947,0.947,19.41852951,12.60972023,0.988,54489.37401,0.940969463,20.53377914,12.76821041,49580.10983,0.952156756,18.3472805,12.44828987,59326.07625,NATIONAL
UZ,UZB,Uzbekistan,ASIA,Central Asia,2021,2020,1,2021,2020,UZB_2021_MICS,MICS,0.05073378,0.0837373,0.122916528,0.20897802,0.217942758,0.152002125,0.084268544,0.033335547,0.020652102,0.011355336,0.01407796,0.206653828,0.426920778,0.315691613,0.389069659,0.185935321,4.793921831,0.534240165,3.100651174,1.693270657,0.236555392,1.02050414,0.803142169,0.742564205,0.753181686,0.548003347,0.488809475,0.31844519,0.085851075,0.033420544,1,0.757264742,2.129810394,0.901673278,0.004971194,0,1,0.558231411,0.350468512,0.087908008,0.003392068,0,1,0.713725258,1.144164968,0.13225127,0.009858503,0,1,0.83813202,1.947004741,0.212050028,0.002813211,0,1,0.846110214,2.62229088,0.528312424,0.003286481,0,0.05073378,0.552360715,0.381034597,0.000398433,0.00073046,0.013148283,0.001328109,0.000265622,0,1,3.983704488,6.472334712,6.037954842,7.451455907,2.75195967,3.134311294,4.295989769,NA,0.05073378,0.552360715,0.377780729,0.016402152,0.002722624,0,1,3.983704488,6.423730229,4.670877384,5.05438249,NA,0.802917764,0.197082236,0.026650165,0.063613861,0.113036304,0.221287129,0.237953795,0.160561056,0.093729373,0.035066007,0.020627063,0.012376238,0.01509901,0.150051038,0.166723375,0.163661109,0.158217081,0.135420211,0.116706363,0.045253488,0.026199388,0.020755359,0.007145288,0.009867302,0.026650165,0.59480198,0.360891089,0.014933993,0.002722772,0,0.150051038,0.377339231,0.447431099,0.022456618,0.002722014,0,4.997378325,3.965035187,1.759128154,1.424965632,3.238250171,2.540069556,0.214971614,0.324488221,0.923036708,0.081905768,2.23039439,1.720028782,0.838807004,1.157791987,0.004888363,0.00530865,1.690371326,0.807411191,1.547878845,1.732658364,34081452,34081452,2.8565,70.9,73.4,68.3,0.727,0.727,12.47714043,11.89558983,0.944,7916.785725,0.702783954,12.37631989,11.73186016,5427.358367,0.744266009,12.57161999,12.06482983,10402.95193,NATIONAL
